ID;Marque;Nom;Gamme;Module;Dimensions;Note;PRIX (à remplir)
477;Cohiba;BHK 58;BEHIKE;Gros robusto;178 mm x 58 (23,01 mm);5⭐;
471;Cohiba;Genios;Maduro 5;Grand robusto;140 mm x 52 (20,64 mm);3⭐;
472;Cohiba;Mágicos;Maduro 5;Robusto;115 mm x 52 (20,64 mm);5⭐;
464;Cohiba;Medio Siglo;Linea 1492;Petit robusto;102 mm x 52 (20,64 mm);4⭐;
461;Cohiba;Panetelas;Linea 1492;Mini-panatella;115 mm x 26 (10,32 mm);4⭐;
462;Cohiba;Pirámides Extra;Linea 1492;Figurado;160 mm x 54 (21,43 mm);4⭐;
463;Cohiba;Robustos;Linea 1492;Robusto;124 mm x 50 (19,84 mm);4⭐;
473;Cohiba;Secretos;Maduro 5;Petit corona;110 mm x 40 (15,87 mm);3⭐;
465;Cohiba;Siglo I;Linea 1492;Très petit corona;102 mm x 40 (15,87 mm);3⭐;
466;Cohiba;Siglo II;Linea 1492;Petit corona;129 mm x 42 (16,67 mm);3⭐;
467;Cohiba;Siglo III;Linea 1492;Grand corona (coronas;155 mm x 42 (16,67 mm);4⭐;
468;Cohiba;Siglo IV;Linea 1492;Corona gorda (coronas;143 mm x 46 (18,26 mm);3⭐;
469;Cohiba;Siglo V;Linea 1492;Lonsdale;170 mm x 43 (17,07 mm);4⭐;
470;Cohiba;Siglo VI;Linea 1492;Grand robusto;150 mm x 52 (20,64 mm);4⭐;
478;Cuaba;Distinguidos;;Figurado;162 mm x 52 (20,64 mm);4⭐;
479;Cuaba;Divinos;;Figurado;101 mm x 43 (17,07 mm);2⭐;
480;Cuaba;Exclusivos;;Figurado;145 mm x 46 (18,26 mm);4⭐;
481;Cuaba;Salomón;;Figurado;184 mm x 57 (22,62 mm);4⭐;
665;Diplomáticos;N° 2;;Figurado;156 mm x 52 (20,64 mm);3⭐;
667;Fonseca;N° 1;;Lonsdale;162 mm x 43 (17,07 mm);4⭐;
490;H. Upmann;Connossieur A;Production Casa del Habano;Grand robusto;140 mm x 52 (20,64 mm);4⭐;
491;H. Upmann;Connossieur B;Production Casa del Habano;Grand robusto;150 mm x 54 (21,43 mm);5⭐;
501;H. Upmann;Magnum 46;Magnum;Corona gorda (coronas;143 mm x 46 (18,26 mm);4⭐;
502;H. Upmann;Magnum 50;Magnum;Grand robusto;160 mm x 50 (19,84 mm);4⭐;
673;H. Upmann;Magnum Finite;Magnum;Robusto;130 mm x 53 (21 mm);4⭐;
670;H. Upmann;Sir Winston;;Churchill;178 mm x 47 (18,65 mm);5⭐;
669;H. Upmann;Upmann N° 2;;Figurado;156 mm x 52 (20,64 mm);4⭐;
684;Hoyo de Monterrey;Epicure N° 1;Epicure;Corona gorda (coronas;143 mm x 46 (18,26 mm);4⭐;
516;Hoyo de Monterrey;Epicure N°2;Epicure;Robusto;124 mm x 50 (19,84 mm);4⭐;
514;Hoyo de Monterrey;Le Hoyo Río Seco;;Gros robusto;140 mm x 56 (22,03 mm);4⭐;
520;José L. Piedra;Conservas;;Petit corona;140 mm x 44 (17,5 mm);3⭐;
522;José L. Piedra;Petit Cazadores;;Très petit corona;104 mm x 40 (15,87 mm);3⭐;
523;Juan López;Dom Juan 1622;Édition régionale France 2024;Grand robusto;150 mm x 54 (21,43 mm);4⭐;
524;Juan López;Selección Especial;Production Casa del Habano;Grand robusto;170 mm x 52 (20,64 mm);4⭐;
531;La Gloria Cubana;Podium;Édition régionale France 2024;Grand robusto;155 mm x 50 (19,84 mm);4⭐;
691;Montecristo;Brillantes;Édition spéciale Nouvel An chinois;Robusto;128 mm x 53 (21 mm);5⭐;
544;Montecristo;Double Edmundo;Edmundo;Grand robusto;155 mm x 50 (19,84 mm);4⭐;
548;Montecristo;Dumas;Linea 1935;Robusto;130 mm x 49 (19,45 mm);4⭐;
551;Montecristo;Eagle;Open;Grand robusto;150 mm x 54 (21,43 mm);5⭐;
545;Montecristo;Edmundo;Edmundo;Grand robusto;135 mm x 52 (20,64 mm);3⭐;
533;Montecristo;Especial;;Grand panatella;192 mm x 38 (15,08 mm);4⭐;
549;Montecristo;Leyenda;Linea 1935;Gros robusto;165 mm x 55 (21,83 mm);5⭐;
550;Montecristo;Maltés;Linea 1935;Grand robusto;153 mm x 53 (21,04 mm);5⭐;
692;Montecristo;N° 1;;Lonsdale;165 mm x 42 (16,67 mm);5⭐;
694;Montecristo;N° 2;;Figurado;156 mm x 52 (20,64 mm);4⭐;
695;Montecristo;N° 3;;Corona;142 mm x 42 (16,67 mm);4⭐;
693;Montecristo;N° 4;;Petit corona;129 mm x 42 (16,67 mm);4⭐;
696;Montecristo;N° 5;;Très petit corona;102 mm x 40 (15,87 mm);3⭐;
554;Montecristo;Regata;Open;Figurado;135 mm x 46 (18,26 mm);4⭐;
555;Montecristo;Slam;Open;Grand robusto;142 mm x 52 (20,64 mm);2⭐;
547;Montecristo;Wide Edmundo;Edmundo;Robusto;125 mm x 54 (21,4 mm);4⭐;
557;Partagás;8-9-8;;Lonsdale;170 mm x 43 (17,07 mm);5⭐;
558;Partagás;Aliados;Production Casa del Habano;Churchill;167 mm x 45 (17,9 mm);4⭐;
701;Partagás;Cedros;Year of the Snake;Grand robusto;135mm x 50 (19,84 mm);5⭐;
572;Partagás;Línea Maduro N° 2;Maduro;Figurado;120 mm x 55 (21,83 mm);3⭐;
563;Partagás;Lusitanias;;Double corona;194 mm x 49 (19,45 mm);5⭐;
575;Partagás;Origen;Linea Maestra;Figurado;154 mm x 46 (18,26 mm);4⭐;
576;Partagás;Rito;Linea Maestra;Figurado;168 mm x 52 (20,64 mm);4⭐;
568;Partagás;Salomones;Production Casa del Habano;Figurado;184 mm x 57 (22,62 mm);5⭐;
585;Por Larrañaga;Prometidos;Édition régionale France 2021;Gros robusto;140 mm x 54 (21,43 mm);4⭐;
710;Quai d'Orsay;Coronas Claro;;Corona;142 mm x 42 (16,67 mm);4⭐;
712;Quai d'Orsay;Especial d'Orsay;Édition spéciale 50e anniversaire;Grand robusto;153 mm x 53 (21 mm);5⭐;
711;Quai d'Orsay;N° 50;;Robusto;110 mm x 50 (19,84 mm);4⭐;
713;Quai d'Orsay;N° 52;;Grand robusto;156 mm x 52 (20,64 mm);4⭐;
714;Quai d'Orsay;N° 54;;Grand robusto (edmundo;135 mm x 54 (21,43 mm);5⭐;
602;Rafael González;Panetelas Extra;;Petit panatella;127 mm x 37 (14,68 mm);3⭐;
606;Ramón Allones;Allones N° 3;;Grand robusto;138 mm x 52 (20,64 mm);5⭐;
717;Ramón Allones;Allones Specially Selected;;Robusto;124 mm x 50 (19,84 mm);4⭐;
718;Romeo y Julieta;Amantes;Édition spéciale 150e anniversaire;Grand robusto;153 mm x 53 (21 mm);4⭐;
610;Romeo y Julieta;Belicosos;;Figurado;140 mm x 52 (20,64 mm);5⭐;
627;Romeo y Julieta;Churchills;Churchill;Churchill;178 mm x 47 (18,65 mm);5⭐;
616;Romeo y Julieta;Cupidos;Production Casa del Habano;Figurado;148 mm x 55 (21,8 mm);4⭐;
631;Romeo y Julieta;Dianas;Linea de Oro;Grand robusto;145 mm x 52 (20,64 mm);3⭐;
632;Romeo y Julieta;Hidalgos;Linea de Oro;Gros robusto;125 mm x 57 (22,62 mm);4⭐;
633;Romeo y Julieta;Nobles;Linea de Oro;Figurado;135 mm x 56 (22,22 mm);5⭐;
634;Saint Luis Rey;Regios;;Robusto;127 mm x 48 (19,05 mm);4⭐;
639;San Cristóbal;Reinas; COLECCIÓN HABANOS;Gros robusto;175mm x 55;5⭐;
642;Trinidad;Cabildos;Édition limitée 2024;Churchill;165 mm x 46 (18,26 mm);4⭐;
643;Trinidad;Coloniales;;Corona;132 mm x 44 (17,46 mm);4⭐;
724;Trinidad;Esmeralda;;Grand robusto;145 mm x 53 (21 mm);5⭐;
644;Trinidad;Fundadores;;Grand panatella (laguito n° 1;192 mm x 40 (15,87 mm);5⭐;
645;Trinidad;La Trova;Production Casa del Habano;Double corona (cañonazo;166 mm x 52 (20,64 mm);3⭐;
646;Trinidad;Media Luna;;Petit robusto;115 mm x 50 (19,8 mm);5⭐;
647;Trinidad;Reyes;;Petit corona;110 mm x 40 (15,87 mm);5⭐;
648;Trinidad;Robustos Extra;Édition spéciale 55e anniversaire;Grand robusto;155 mm x 50 (19,84 mm);5⭐;
649;Trinidad;Topes;;Gros robusto;125 mm x 56 (22,22 mm);5⭐;
650;Trinidad;Vigia;;Robusto;110 mm x 54 (21,43 mm);5⭐;
657;Vegueros;Tapados;;Corona gorda (mareva;120 mm x 46 (18,26 mm);3⭐;
